dominant topic,count,Channel Distribution
Long Wait Times,52,Trustpilot
Call Center Overwhelmed,48,Trustpilot
Mobile App Crashes,45,Trustpilot
Call Center Complaints,45,Trustpilot
Call Disconnection Issues,43,Trustpilot
Customer Service Disappointment,42,Trustpilot
App Login Problems,41,Trustpilot
Service Quality Poor,40,Trustpilot
Billing Error Reports,39,Trustpilot
Unhelpful Agent Encountered,38,Trustpilot
Account Access Problems,36,Trustpilot
High Transaction Fees,35,App Store/Google Play
Login Screen Frozen,34,Trustpilot
Unexpected Charges Discovered,33,App Store/Google Play
Response Time Inadequate,32,Trustpilot
Payment Processing Failure,31,App Store/Google Play
Authentication Errors Reported,29,Trustpilot
System Outage Frustration,28,App Store/Google Play
Escalation Process Unclear,27,Trustpilot
Manager Unavailable Complaints,26,App Store/Google Play
Fee Structure Criticism,25,Trustpilot
Cross Border Issues,23,App Store/Google Play
Digital Platform Glitches,22,Trustpilot
Platform Crash Reports,21,App Store/Google Play
Transfer Delays Experienced,20,Trustpilot
System Outage Affecting,19,App Store/Google Play
Verification Process Lengthy,18,Trustpilot
Payment Processing Failed,18,App Store/Google Play
Cross Border Complications,18,Trustpilot
Transaction Declined Frustration,18,App Store/Google Play
Pricing Transparency Lacking,18,Trustpilot
Multi Factor Problems,18,App Store/Google Play
Website Performance Issues,16,Trustpilot
Network Connectivity Lost,16,App Store/Google Play
Service Interruption Experienced,15,Trustpilot
Platform Downtime Frustration,15,App Store/Google Play
Public Issue Escalated,14,Trustpilot
Fraud Alert Confusion,14,App Store/Google Play
Password Reset Guidance,14,Trustpilot
Profile Access Denied,14,App Store/Google Play
Letter Credit Processed,14,Trustpilot
Documentary Collection Efficient,14,App Store/Google Play
Bank Guarantee Issued,14,Trustpilot
Export Finance Approved,14,App Store/Google Play
Trade Documentation Smooth,14,Trustpilot
Import Processing Delays,14,App Store/Google Play
FX Trading Smooth,14,Trustpilot
Maintenance Inconvenience Reported,14,App Store/Google Play
Liquidity Management Excellent,14,Trustpilot
Risk Management Tools,14,App Store/Google Play
Treasury Operations Smooth,14,Trustpilot
Cybersecurity Worries Expressed,14,App Store/Google Play
Viral Complaint Spreading,14,Trustpilot
Data Breach Concerns,14,App Store/Google Play
Identity Verification Issues,14,Trustpilot
Security Protocol Questions,14,App Store/Google Play
Application Launch Failed,14,Trustpilot
Transaction Processing Stuck,14,App Store/Google Play
Balance Update Delayed,14,Twitter/X
Feature Malfunction Reports,14,Trustpilot
Software Bug Complaints,14,App Store/Google Play
Problem Initially Frustrating,14,Twitter/X
Others Need Improvement,14,Trustpilot
Security Incident Concerns,14,App Store/Google Play
Technical Issues,14,Twitter/X
Cross Border Inconsistencies,14,Trustpilot
API Services Outstanding,14,App Store/Google Play
Investment Services Outstanding,14,Twitter/X
SEPA Payment Rejected,14,Trustpilot
System Availability Issues,14,App Store/Google Play
Core Banking Down,13,Twitter/X
Fee Increase Complaints,13,Trustpilot
Mass Payment Errors,12,App Store/Google Play
Cost Structure Criticism,12,Twitter/X
Account Management Satisfactory,12,Trustpilot
Call Support Adequate,12,App Store/Google Play
Order Processing Failed,12,Twitter/X
Service Restoration Delayed,12,Trustpilot
Standing Order Success,12,App Store/Google Play
Bulk Payment Efficiency,12,Twitter/X
International Payment Smooth,11,Trustpilot
Corporate Setup Questions,11,App Store/Google Play
New Account Opening,11,Twitter/X
International Banking Issues,11,Trustpilot
Feature Enhancement Needed,9,App Store/Google Play
Process Clarification Needed,9,Twitter/X
Signatory Update Needed,9,Trustpilot
Mandate Change Required,9,App Store/Google Play
Authorization Matrix Updates,9,Twitter/X
Multi Currency Problems,9,Reddit
Open Banking Implementation,9,Trustpilot
Documentation Excessive Requirements,9,App Store/Google Play
Service Availability Questions,8,Twitter/X
Documentation Requirements Asked,8,Reddit
Multilingual Support Appreciated,8,Trustpilot
System Navigation Help,8,App Store/Google Play
Language Barriers Experienced,8,Twitter/X
Partial Functionality Working,7,Reddit
Mixed User Experience,7,Trustpilot
Development Suggestions Made,7,App Store/Google Play
Holiday Period Issues,7,Twitter/X
Comparative Banking Feedback,7,Reddit
Partial Satisfaction Expressed,7,Trustpilot
Inconsistent Experience Reported,7,App Store/Google Play
Feature Feedback Mixed,7,Twitter/X
Compensation Appreciated Generally,7,Reddit
Year End Processing,7,Trustpilot
Peak Time Difficulties,7,App Store/Google Play
Seasonal Variation Reports,7,Twitter/X
Improvement Over Previous,7,Reddit
Multilingual Support Varies,7,Trustpilot
Local Service Quality,7,App Store/Google Play
Regional Difference Reports,7,Twitter/X
Service Improvement Acknowledged,7,Reddit
Brand Reputation Restored,7,Trustpilot
Routine Service Feedback,7,App Store/Google Play
Standard Operation Smooth,7,Twitter/X
Service Information Request,7,Reddit
Relationship Management Praise,7,Trustpilot
Compliance Checks Intrusive,7,App Store/Google Play
Mixed Service Quality,7,Twitter/X
KYC Documentation Easy,7,Reddit
Mixed Experience Reported,7,Trustpilot
Exchange Rate Disputes,7,App Store/Google Play
Regional Service Variations,7,Twitter/X
Account Manager Responsive,7,Reddit
Corporate Service Exceptional,7,Trustpilot
Follow Up Satisfactory,7,App Store/Google Play
Dedicated Support Appreciated,7,Twitter/X
Personalized Banking Excellence,7,Reddit
AML Processes Smooth,7,Trustpilot
Regulatory Reporting Burdensome,7,App Store/Google Play
Unauthorized Access Fears,7,Twitter/X
Cash Management Superior,7,Reddit
Regulatory Compliance Questions,7,Trustpilot
PSD2 Compliance Smooth,7,App Store/Google Play
Correspondent Bank Delays,7,Twitter/X
Account Configuration Assistance,7,Reddit
API Integration Problems,7,Trustpilot
Feature Explanation Requested,7,App Store/Google Play
Information Inquiry Made,7,Twitter/X
General Support Needed,7,Reddit
Resolution Eventually Satisfactory,7,Trustpilot
Third Party Integration,7,App Store/Google Play
Mobile Security Robust,6,Twitter/X
Problem Resolved Efficiently,6,Reddit
Periodic Performance Changes,6,Trustpilot
SEPA Transfer Success,5,App Store/Google Play
Trade Finance Satisfaction,5,Twitter/X
Card Services Excellent,5,Reddit
Online Banking Excellence,5,Trustpilot
Knowledgeable Agent Helped,5,App Store/Google Play
Public Recovery Successful,5,Twitter/X
Mobile App Functional,5,Reddit
Payment Processing Smooth,5,Trustpilot
Compensation Provided Fairly,5,App Store/Google Play
Management Responded Personally,5,Twitter/X
Some Countries Excellent,5,Reddit
Off Peak Better,5,Trustpilot
Some Functions Excellent,5,App Store/Google Play
Improved Service Acknowledged,5,Twitter/X
Quick Response Time,4,Reddit
Issue Resolved Quickly,4,Trustpilot
Digital Innovation Appreciation,4,App Store/Google Play
Treasury Services Excellence,4,Twitter/X
Excellent Call Support,2,Reddit
Better Than Competitors,2,Reddit
GDPR Compliance Praise,2,Reddit
