Date,Day,Email Count
2025-01-01,Wednesday,13
2025-01-02,Thursday,13
2025-01-03,Friday,12
2025-01-04,Saturday,6
2025-01-05,Sunday,10
2025-01-06,Monday,15
2025-01-07,Tuesday,9
2025-01-08,Wednesday,6
2025-01-09,Thursday,12
2025-01-10,Friday,10
2025-01-11,Saturday,9
2025-01-12,Sunday,12
2025-01-13,Monday,13
2025-01-14,Tuesday,7
2025-01-15,Wednesday,8
2025-01-16,Thursday,9
2025-01-17,Friday,8
2025-01-18,Saturday,10
2025-01-19,Sunday,11
2025-01-20,Monday,11
2025-01-21,Tuesday,11
2025-01-22,Wednesday,12
2025-01-23,Thursday,11
2025-01-24,Friday,9
2025-01-25,Saturday,11
2025-01-26,Sunday,15
2025-01-27,Monday,10
2025-01-28,Tuesday,14
2025-01-29,Wednesday,10
2025-01-30,Thursday,15
2025-01-31,Friday,17
2025-02-01,Saturday,7
2025-02-02,Sunday,10
2025-02-03,Monday,8
2025-02-04,Tuesday,11
2025-02-05,Wednesday,11
2025-02-06,Thursday,7
2025-02-07,Friday,9
2025-02-08,Saturday,6
2025-02-09,Sunday,16
2025-02-10,Monday,13
2025-02-11,Tuesday,11
2025-02-12,Wednesday,14
2025-02-13,Thursday,8
2025-02-14,Friday,9
2025-02-15,Saturday,15
2025-02-16,Sunday,9
2025-02-17,Monday,9
2025-02-18,Tuesday,10
2025-02-19,Wednesday,10
2025-02-20,Thursday,13
2025-02-21,Friday,10
2025-02-22,Saturday,20
2025-02-23,Sunday,8
2025-02-24,Monday,9
2025-02-25,Tuesday,15
2025-02-26,Wednesday,10
2025-02-27,Thursday,8
2025-02-28,Friday,10
2025-03-01,Saturday,10
2025-03-02,Sunday,12
2025-03-03,Monday,10
2025-03-04,Tuesday,13
2025-03-05,Wednesday,13
2025-03-06,Thursday,13
2025-03-07,Friday,15
2025-03-08,Saturday,10
2025-03-09,Sunday,10
2025-03-10,Monday,10
2025-03-11,Tuesday,8
2025-03-12,Wednesday,12
2025-03-13,Thursday,4
2025-03-14,Friday,11
2025-03-15,Saturday,13
2025-03-16,Sunday,12
2025-03-17,Monday,15
2025-03-18,Tuesday,19
2025-03-19,Wednesday,14
2025-03-20,Thursday,8
2025-03-21,Friday,9
2025-03-22,Saturday,10
2025-03-23,Sunday,21
2025-03-24,Monday,11
2025-03-25,Tuesday,19
2025-03-26,Wednesday,16
2025-03-27,Thursday,10
2025-03-28,Friday,10
2025-03-29,Saturday,7
2025-03-30,Sunday,11
2025-03-31,Monday,12
2025-04-01,Tuesday,13
2025-04-02,Wednesday,10
2025-04-03,Thursday,13
2025-04-04,Friday,12
2025-04-05,Saturday,12
2025-04-06,Sunday,12
2025-04-07,Monday,20
2025-04-08,Tuesday,13
2025-04-09,Wednesday,11
2025-04-10,Thursday,8
2025-04-11,Friday,10
2025-04-12,Saturday,12
2025-04-13,Sunday,10
2025-04-14,Monday,16
2025-04-15,Tuesday,13
2025-04-16,Wednesday,11
2025-04-17,Thursday,13
2025-04-18,Friday,7
2025-04-19,Saturday,9
2025-04-20,Sunday,12
2025-04-21,Monday,11
2025-04-22,Tuesday,14
2025-04-23,Wednesday,10
2025-04-24,Thursday,13
2025-04-25,Friday,7
2025-04-26,Saturday,15
2025-04-27,Sunday,11
2025-04-28,Monday,13
2025-04-29,Tuesday,9
2025-04-30,Wednesday,12
2025-05-01,Thursday,11
2025-05-02,Friday,17
2025-05-03,Saturday,17
2025-05-04,Sunday,14
2025-05-05,Monday,7
2025-05-06,Tuesday,16
2025-05-07,Wednesday,11
2025-05-08,Thursday,8
2025-05-09,Friday,9
2025-05-10,Saturday,6
2025-05-11,Sunday,7
2025-05-12,Monday,6
2025-05-13,Tuesday,7
2025-05-14,Wednesday,13
2025-05-15,Thursday,9
2025-05-16,Friday,10
2025-05-17,Saturday,6
2025-05-18,Sunday,8
2025-05-19,Monday,12
2025-05-20,Tuesday,8
2025-05-21,Wednesday,10
2025-05-22,Thursday,7
2025-05-23,Friday,14
2025-05-24,Saturday,9
2025-05-25,Sunday,11
2025-05-26,Monday,11
2025-05-27,Tuesday,9
2025-05-28,Wednesday,10
2025-05-29,Thursday,19
2025-05-30,Friday,11
2025-05-31,Saturday,12
2025-06-01,Sunday,10
2025-06-02,Monday,7
2025-06-03,Tuesday,10
2025-06-04,Wednesday,9
2025-06-05,Thursday,12
2025-06-06,Friday,8
2025-06-07,Saturday,7
2025-06-08,Sunday,17
2025-06-09,Monday,9
2025-06-10,Tuesday,8
2025-06-11,Wednesday,16
2025-06-12,Thursday,8
2025-06-13,Friday,8
2025-06-14,Saturday,10
2025-06-15,Sunday,18
2025-06-16,Monday,12
2025-06-17,Tuesday,12
2025-06-18,Wednesday,9
2025-06-19,Thursday,10
2025-06-20,Friday,13
2025-06-21,Saturday,9
2025-06-22,Sunday,15
2025-06-23,Monday,9
2025-06-24,Tuesday,11
2025-06-25,Wednesday,8
2025-06-26,Thursday,11
2025-06-27,Friday,8
2025-06-28,Saturday,14
2025-06-29,Sunday,13
2025-06-30,Monday,13
