document_id,original_topic,processed_topic
68a8525133508dc58e3ead33,Financial Reporting Procedure,financial reporting procedure
68a8525133508dc58e3ead34,Software Issue Resolution,software issue resolution
68a8525133508dc58e3ead35,Audit Feedback Review,audit feedback review
68a8525233508dc58e3ead36,Employee Relations Coordination,employee relation coordination
68a8525233508dc58e3ead37,Risk Assessment Update,risk assessment update
68a8525333508dc58e3ead38,GDPR Access Request,gdpr access request
68a8525333508dc58e3ead39,Workforce Planning Update,workforce planning update
68a8525333508dc58e3ead3a,Pipeline Management Discussion,pipeline management discussion
68a8525433508dc58e3ead3b,Network Performance Issue,network performance issue
68a8525433508dc58e3ead3c,Workforce Planning Update,workforce planning update
68a8525533508dc58e3ead3d,Audit Planning Coordination,audit plan coordination
68a8525533508dc58e3ead3e,Audit Feedback Review,audit feedback review
68a8525533508dc58e3ead3f,Team Coordination Update,team coordination update
68a8525633508dc58e3ead40,Monthly Compliance Audit,monthly compliance audit
68a8525633508dc58e3ead41,Audit Feedback Review,audit feedback review
68a8525733508dc58e3ead42,Shift Coverage Request,shift coverage request
68a8525733508dc58e3ead43,Audit Feedback Review,audit feedback review
68a8525733508dc58e3ead44,Software Issue Resolution,software issue resolution
68a8525833508dc58e3ead45,Employee Relations Coordination,employee relation coordination
68a8525833508dc58e3ead46,Risk Assessment Documentation,risk assessment documentation
68a8525833508dc58e3ead47,Hardware Troubleshooting Help,hardware troubleshooting help
68a8525933508dc58e3ead48,Authentication Service Down,authentication service
68a8525933508dc58e3ead49,Customer Insight Report,customer insight report
68a8525933508dc58e3ead4a,Documentation Request Alert,documentation request alert
68a8525a33508dc58e3ead4b,Employee Relations Coordination,employee relation coordination
68a8525a33508dc58e3ead4c,Audit Finding Resolution,audit find resolution
68a8525b33508dc58e3ead4d,Compliance Training Reminder,compliance training reminder
68a8525b33508dc58e3ead4e,GDPR Access Request,gdpr access request
68a8525b33508dc58e3ead4f,Technology Rollout Update,technology rollout update
68a8525c33508dc58e3ead50,Compliance Report Generation,compliance report generation
68a8525c33508dc58e3ead51,Attendance Management Alert,attendance management alert
68a8525c33508dc58e3ead52,Policy Clarification Request,policy clarification request
68a8525d33508dc58e3ead53,Break Schedule Coordination,break schedule coordination
68a8525d33508dc58e3ead54,Team Coordination Update,team coordination update
68a8525d33508dc58e3ead55,Monthly Compliance Audit,monthly compliance audit
68a8525e33508dc58e3ead56,Audit Planning Coordination,audit plan coordination
68a8525e33508dc58e3ead57,Break Schedule Coordination,break schedule coordination
68a8525f33508dc58e3ead58,Security Protocol Change,security protocol change
68a8525f33508dc58e3ead59,Budget Management Discussion,budget management discussion
68a8525f33508dc58e3ead5a,Technology Provider Communication,technology provider communication
68a8526033508dc58e3ead5b,Audit Feedback Review,audit feedback review
68a8526033508dc58e3ead5c,Pipeline Management Discussion,pipeline management discussion
68a8526033508dc58e3ead5d,Overtime Approval Need,overtime approval need
68a8526133508dc58e3ead5e,Training Schedule Update,training schedule update
68a8526133508dc58e3ead5f,Audit Feedback Review,audit feedback review
68a8526233508dc58e3ead60,Pipeline Management Discussion,pipeline management discussion
68a8526233508dc58e3ead61,Team Meeting Reminder,team meet reminder
68a8526233508dc58e3ead62,Product Update Communication,product update communication
68a8526333508dc58e3ead63,Shift Coverage Request,shift coverage request
68a8526333508dc58e3ead64,Product Update Communication,product update communication
68a8526433508dc58e3ead65,Workflow Optimization Alert,workflow optimization alert
68a8526433508dc58e3ead66,Documentation Request Alert,documentation request alert
68a8526433508dc58e3ead67,Cross-Department Project Update,cross department project update
68a8526533508dc58e3ead68,Audit Planning Coordination,audit plan coordination
68a8526533508dc58e3ead69,Network Performance Issue,network performance issue
68a8526533508dc58e3ead6a,Customer Insight Report,customer insight report
68a8526633508dc58e3ead6b,Financial Reporting Procedure,financial reporting procedure
68a8526633508dc58e3ead6c,Technology Provider Communication,technology provider communication
68a8526633508dc58e3ead6d,Performance Metric Tracking,performance metric tracking
68a8526733508dc58e3ead6e,Performance Metric Tracking,performance metric tracking
68a8526733508dc58e3ead6f,Performance Metric Tracking,performance metric tracking
68a8526833508dc58e3ead70,Leave Request Approval,leave request approval
68a8526833508dc58e3ead71,Software Issue Resolution,software issue resolution
68a8526833508dc58e3ead72,Financial Reporting Procedure,financial reporting procedure
68a8526933508dc58e3ead73,Audit Feedback Review,audit feedback review
68a8526933508dc58e3ead74,Authentication Service Down,authentication service
68a8526933508dc58e3ead75,Hardware Troubleshooting Help,hardware troubleshooting help
68a8526a33508dc58e3ead76,Documentation Request Alert,documentation request alert
68a8526a33508dc58e3ead77,Control Testing Validation,control testing validation
68a8526b33508dc58e3ead78,Business Continuity Activation,business continuity activation
68a8526b33508dc58e3ead79,Attendance Management Alert,attendance management alert
68a8526b33508dc58e3ead7a,Regulatory Response Management,regulatory response management
68a8526c33508dc58e3ead7b,Leave Request Approval,leave request approval
68a8526c33508dc58e3ead7c,Audit Planning Coordination,audit plan coordination
68a8526c33508dc58e3ead7d,Case Management Discussion,case management discussion
68a8526d33508dc58e3ead7e,Employee Relations Coordination,employee relation coordination
68a8526d33508dc58e3ead7f,Application Server Warning,application server warning
68a8526d33508dc58e3ead80,Risk Assessment Update,risk assessment update
68a8526e33508dc58e3ead81,Database Access Problem,database access problem
68a8526e33508dc58e3ead82,Control Testing Validation,control testing validation
68a8526e33508dc58e3ead83,Business Continuity Activation,business continuity activation
68a8526f33508dc58e3ead84,Product Update Communication,product update communication
68a8526f33508dc58e3ead85,Performance Review Planning,performance review planning
68a8526f33508dc58e3ead86,Campaign Coordination Discussion,campaign coordination discussion
68a8527033508dc58e3ead87,Account Access Problem,account access problem
68a8527033508dc58e3ead88,Shift Coverage Request,shift coverage request
68a8527133508dc58e3ead89,Audit Finding Resolution,audit find resolution
68a8527133508dc58e3ead8a,Quality Standard Reminder,quality standard reminder
68a8527133508dc58e3ead8b,Employee Relations Coordination,employee relation coordination
68a8527233508dc58e3ead8c,Quality Standard Reminder,quality standard reminder
68a8527233508dc58e3ead8d,Budget Management Discussion,budget management discussion
68a8527233508dc58e3ead8e,Knowledge Management Update,knowledge management update
68a8527333508dc58e3ead8f,Database Access Problem,database access problem
68a8527333508dc58e3ead90,Risk Assessment Documentation,risk assessment documentation
68a8527333508dc58e3ead91,Customer Research Finding,customer research finding
68a8527433508dc58e3ead92,Cybersecurity Alert Warning,cybersecurity alert warning
68a8527433508dc58e3ead93,Audit Finding Resolution,audit find resolution
68a8527533508dc58e3ead94,Campaign Coordination Discussion,campaign coordination discussion
68a8527533508dc58e3ead95,Application Server Warning,application server warning
68a8527633508dc58e3ead96,Daily Operational Procedure,daily operational procedure
68a8527633508dc58e3ead97,Regulatory Examination Preparation,regulatory examination preparation
68a8527633508dc58e3ead98,Attendance Management Alert,attendance management alert
68a8527733508dc58e3ead99,Transaction Status Inquiry,transaction status inquiry
68a8527733508dc58e3ead9a,Workforce Planning Update,workforce planning update
68a8527833508dc58e3ead9b,Technology Provider Communication,technology provider communication
68a8527833508dc58e3ead9c,Audit Finding Resolution,audit find resolution
68a8527833508dc58e3ead9d,Database Access Problem,database access problem
68a8527933508dc58e3ead9e,GDPR Access Request,gdpr access request
68a8527933508dc58e3ead9f,Documentation Request Alert,documentation request alert
68a8527a33508dc58e3eada0,Content Management Update,content management update
68a8527a33508dc58e3eada1,Employee Relations Coordination,employee relation coordination
68a8527a33508dc58e3eada2,Documentation Request Alert,documentation request alert
68a8527b33508dc58e3eada3,Customer Insight Report,customer insight report
68a8527b33508dc58e3eada4,Team Meeting Reminder,team meet reminder
68a8527b33508dc58e3eada5,Audit Finding Resolution,audit find resolution
68a8527c33508dc58e3eada6,Team Coordination Update,team coordination update
68a8527c33508dc58e3eada7,Monthly Compliance Audit,monthly compliance audit
68a8527d33508dc58e3eada8,Performance Review Planning,performance review planning
68a8527d33508dc58e3eada9,Technology Rollout Update,technology rollout update
68a8527d33508dc58e3eadaa,Pipeline Management Discussion,pipeline management discussion
68a8527e33508dc58e3eadab,Compliance Monitoring Update,compliance monitoring update
68a8527e33508dc58e3eadac,Case Management Discussion,case management discussion
68a8527e33508dc58e3eadad,Cybersecurity Alert Warning,cybersecurity alert warning
68a8527f33508dc58e3eadae,Compliance Monitoring Update,compliance monitoring update
68a8528133508dc58e3eadaf,Product Update Communication,product update communication
68a8528233508dc58e3eadb0,Customer Insight Report,customer insight report
68a8528233508dc58e3eadb1,Daily Operational Procedure,daily operational procedure
68a8528233508dc58e3eadb2,Team Coordination Update,team coordination update
68a8528333508dc58e3eadb3,Attendance Management Alert,attendance management alert
68a8528333508dc58e3eadb4,Compliance Gap Remediation,compliance gap remediation
68a8528433508dc58e3eadb5,Financial Reporting Procedure,financial reporting procedure
68a8528433508dc58e3eadb6,Control Testing Validation,control testing validation
68a8528433508dc58e3eadb7,Audit Finding Resolution,audit find resolution
68a8528533508dc58e3eadb8,Software Issue Resolution,software issue resolution
68a8528533508dc58e3eadb9,Network Performance Issue,network performance issue
68a8528533508dc58e3eadba,Case Management Discussion,case management discussion
68a8528633508dc58e3eadbb,Quality Standard Reminder,quality standard reminder
68a8528633508dc58e3eadbc,Risk Assessment Documentation,risk assessment documentation
68a8528633508dc58e3eadbd,Network Performance Issue,network performance issue
68a8528733508dc58e3eadbe,Hardware Troubleshooting Help,hardware troubleshooting help
68a8528733508dc58e3eadbf,Product Update Communication,product update communication
68a8528833508dc58e3eadc0,Pipeline Management Discussion,pipeline management discussion
68a8528833508dc58e3eadc1,Content Management Update,content management update
68a8528833508dc58e3eadc2,Performance Metric Tracking,performance metric tracking
68a8528933508dc58e3eadc3,Regulatory Examination Preparation,regulatory examination preparation
68a8528933508dc58e3eadc4,System Status Alert,system status alert
68a8528a33508dc58e3eadc5,Network Performance Issue,network performance issue
68a8528a33508dc58e3eadc6,Compliance Report Generation,compliance report generation
68a8528a33508dc58e3eadc7,Team Meeting Reminder,team meet reminder
68a8528b33508dc58e3eadc8,Regulatory Update Alert,regulatory update alert
68a8528b33508dc58e3eadc9,Workforce Planning Update,workforce planning update
68a8528c33508dc58e3eadca,Customer Research Finding,customer research finding
68a8528c33508dc58e3eadcb,Regulatory Response Management,regulatory response management
68a8528c33508dc58e3eadcc,Skill Development Update,skill development update
68a8528d33508dc58e3eadcd,Campaign Coordination Discussion,campaign coordination discussion
68a8528d33508dc58e3eadce,Workflow Optimization Alert,workflow optimization alert
68a8528d33508dc58e3eadcf,Regulatory Update Alert,regulatory update alert
68a8528e33508dc58e3eadd0,Performance Review Planning,performance review planning
68a8528e33508dc58e3eadd1,Business Continuity Activation,business continuity activation
68a8528e33508dc58e3eadd2,User Access Problem,user access problem
68a8528f33508dc58e3eadd3,Risk Assessment Documentation,risk assessment documentation
68a8528f33508dc58e3eadd4,Network Performance Issue,network performance issue
68a8528f33508dc58e3eadd5,Audit Feedback Review,audit feedback review
68a8529033508dc58e3eadd6,Daily Operational Procedure,daily operational procedure
68a8529033508dc58e3eadd7,Risk Assessment Documentation,risk assessment documentation
68a8529033508dc58e3eadd8,Workflow Optimization Alert,workflow optimization alert
68a8529133508dc58e3eadd9,Risk Assessment Update,risk assessment update
68a8529133508dc58e3eadda,Account Management Strategy,account management strategy
68a8529233508dc58e3eaddb,Content Management Update,content management update
68a8529233508dc58e3eaddc,Network Performance Issue,network performance issue
68a8529233508dc58e3eaddd,Knowledge Management Update,knowledge management update
68a8529333508dc58e3eadde,Pipeline Management Discussion,pipeline management discussion
68a8529333508dc58e3eaddf,Customer Research Finding,customer research finding
68a8529333508dc58e3eade0,GDPR Access Request,gdpr access request
68a8529433508dc58e3eade1,Security Protocol Change,security protocol change
68a8529433508dc58e3eade2,Attendance Management Alert,attendance management alert
68a8529433508dc58e3eade3,Customer Insight Report,customer insight report
68a8529533508dc58e3eade4,Monthly Compliance Audit,monthly compliance audit
68a8529533508dc58e3eade5,Campaign Coordination Discussion,campaign coordination discussion
68a8529633508dc58e3eade6,Account Management Strategy,account management strategy
68a8529633508dc58e3eade7,Compliance Monitoring Update,compliance monitoring update
68a8529633508dc58e3eade8,Software Issue Resolution,software issue resolution
68a8529733508dc58e3eade9,Shift Coverage Request,shift coverage request
68a8529733508dc58e3eadea,Security Protocol Change,security protocol change
68a8529733508dc58e3eadeb,Compliance Gap Remediation,compliance gap remediation
68a8529833508dc58e3eadec,User Access Problem,user access problem
68a8529833508dc58e3eaded,Security Protocol Change,security protocol change
68a8529933508dc58e3eadee,Transaction Status Inquiry,transaction status inquiry
68a8529933508dc58e3eadef,Campaign Coordination Discussion,campaign coordination discussion
68a8529933508dc58e3eadf0,Compliance Monitoring Update,compliance monitoring update
68a8529a33508dc58e3eadf1,Regulatory Update Alert,regulatory update alert
68a8529a33508dc58e3eadf2,Compliance Training Reminder,compliance training reminder
68a8529b33508dc58e3eadf3,Audit Coordination Schedule,audit coordination schedule
68a8529b33508dc58e3eadf4,Leave Request Approval,leave request approval
68a8529b33508dc58e3eadf5,Performance Review Planning,performance review planning
68a8529c33508dc58e3eadf6,System Integration Progress,system integration progress
68a8529c33508dc58e3eadf7,Database Access Problem,database access problem
68a8529c33508dc58e3eadf8,Attendance Management Alert,attendance management alert
68a8529d33508dc58e3eadf9,Transaction Status Inquiry,transaction status inquiry
68a8529d33508dc58e3eadfa,Performance Metric Tracking,performance metric tracking
68a8529d33508dc58e3eadfb,Documentation Request Alert,documentation request alert
68a8529e33508dc58e3eadfc,Customer Research Finding,customer research finding
68a8529e33508dc58e3eadfd,Overtime Approval Need,overtime approval need
68a8529f33508dc58e3eadfe,Documentation Request Alert,documentation request alert
68a8529f33508dc58e3eadff,Budget Management Discussion,budget management discussion
68a8529f33508dc58e3eae00,Compliance Training Reminder,compliance training reminder
68a852a033508dc58e3eae01,Account Access Problem,account access problem
68a852a033508dc58e3eae02,Risk Assessment Documentation,risk assessment documentation
68a852a033508dc58e3eae03,Audit Feedback Review,audit feedback review
68a852a133508dc58e3eae04,Product Update Communication,product update communication
68a852a133508dc58e3eae05,Process Coordination Discussion,process coordination discussion
68a852a133508dc58e3eae06,Regulatory Examination Preparation,regulatory examination preparation
68a852a233508dc58e3eae07,System Status Alert,system status alert
68a852a233508dc58e3eae08,Financial Reporting Procedure,financial reporting procedure
68a852a333508dc58e3eae09,Risk Assessment Update,risk assessment update
68a852a333508dc58e3eae0a,Case Management Discussion,case management discussion
68a852a333508dc58e3eae0b,Shift Coverage Request,shift coverage request
68a852a433508dc58e3eae0c,Workflow Optimization Alert,workflow optimization alert
68a852a433508dc58e3eae0d,Daily Operational Procedure,daily operational procedure
68a852a433508dc58e3eae0e,Attendance Management Alert,attendance management alert
68a852a533508dc58e3eae0f,Leave Request Approval,leave request approval
68a852a533508dc58e3eae10,Audit Coordination Schedule,audit coordination schedule
68a852a533508dc58e3eae11,Audit Coordination Schedule,audit coordination schedule
68a852a633508dc58e3eae12,Customer Insight Report,customer insight report
68a852a633508dc58e3eae13,Cross-Department Project Update,cross department project update
68a852a733508dc58e3eae14,Vendor Management Discussion,vendor management discussion
68a852a733508dc58e3eae15,Database Access Problem,database access problem
68a852a733508dc58e3eae16,Technology Rollout Update,technology rollout update
68a852a833508dc58e3eae17,User Access Problem,user access problem
68a852a833508dc58e3eae18,Staff Management Discussion,staff management discussion
68a852a933508dc58e3eae19,Technology Provider Communication,technology provider communication
68a852a933508dc58e3eae1a,Pipeline Management Discussion,pipeline management discussion
68a852a933508dc58e3eae1b,Transaction Status Inquiry,transaction status inquiry
68a852aa33508dc58e3eae1c,System Status Alert,system status alert
68a852aa33508dc58e3eae1d,GDPR Access Request,gdpr access request
68a852aa33508dc58e3eae1e,Software Issue Resolution,software issue resolution
68a852ab33508dc58e3eae1f,Account Management Strategy,account management strategy
68a852ab33508dc58e3eae20,Knowledge Management Update,knowledge management update
68a852ab33508dc58e3eae21,Compliance Report Generation,compliance report generation
68a852ac33508dc58e3eae22,Compliance Gap Remediation,compliance gap remediation
68a852ac33508dc58e3eae23,Content Management Update,content management update
68a852ad33508dc58e3eae24,Team Meeting Reminder,team meet reminder
68a852ad33508dc58e3eae25,Software Issue Resolution,software issue resolution
68a852ad33508dc58e3eae26,Regulatory Response Management,regulatory response management
68a852ae33508dc58e3eae27,Vendor Management Discussion,vendor management discussion
68a852ae33508dc58e3eae28,Quality Standard Reminder,quality standard reminder
68a852ae33508dc58e3eae29,Authentication Service Down,authentication service
68a852af33508dc58e3eae2a,Transaction Status Inquiry,transaction status inquiry
68a852af33508dc58e3eae2b,Skill Development Update,skill development update
68a852b033508dc58e3eae2c,Skill Development Update,skill development update
68a852b033508dc58e3eae2d,Monthly Compliance Audit,monthly compliance audit
68a852b033508dc58e3eae2e,Break Schedule Coordination,break schedule coordination
68a852b133508dc58e3eae2f,Daily Operational Procedure,daily operational procedure
68a852b133508dc58e3eae30,Knowledge Management Update,knowledge management update
68a852b133508dc58e3eae31,Skill Development Update,skill development update
68a852b233508dc58e3eae32,Cybersecurity Alert Warning,cybersecurity alert warning
68a852b233508dc58e3eae33,Process Coordination Discussion,process coordination discussion
68a852b233508dc58e3eae34,Risk Assessment Update,risk assessment update
68a852b333508dc58e3eae35,Compliance Monitoring Update,compliance monitoring update
68a852b333508dc58e3eae36,Network Performance Issue,network performance issue
68a852b333508dc58e3eae37,Case Management Discussion,case management discussion
68a852b433508dc58e3eae38,Pipeline Management Discussion,pipeline management discussion
68a852b433508dc58e3eae39,Monthly Compliance Audit,monthly compliance audit
68a852b533508dc58e3eae3a,Regulatory Examination Preparation,regulatory examination preparation
68a852b533508dc58e3eae3b,Transaction Status Inquiry,transaction status inquiry
68a852b533508dc58e3eae3c,Campaign Coordination Discussion,campaign coordination discussion
68a852b633508dc58e3eae3d,Transaction Status Inquiry,transaction status inquiry
68a852b733508dc58e3eae3e,Knowledge Management Update,knowledge management update
68a852b733508dc58e3eae3f,Daily Operational Procedure,daily operational procedure
68a852b833508dc58e3eae40,Hardware Troubleshooting Help,hardware troubleshooting help
68a852b833508dc58e3eae41,Cross-Department Project Update,cross department project update
68a852b833508dc58e3eae42,Account Management Strategy,account management strategy
68a852b933508dc58e3eae43,Monthly Compliance Audit,monthly compliance audit
68a852b933508dc58e3eae44,Security Protocol Change,security protocol change
68a852b933508dc58e3eae45,Compliance Gap Remediation,compliance gap remediation
68a852ba33508dc58e3eae46,Audit Finding Resolution,audit find resolution
68a852ba33508dc58e3eae47,Audit Coordination Schedule,audit coordination schedule
68a852ba33508dc58e3eae48,Technology Provider Communication,technology provider communication
68a852bb33508dc58e3eae49,Performance Metric Tracking,performance metric tracking
68a852bb33508dc58e3eae4a,Product Update Communication,product update communication
68a852bc33508dc58e3eae4b,Employee Relations Coordination,employee relation coordination
68a852bc33508dc58e3eae4c,Skill Development Update,skill development update
68a852bc33508dc58e3eae4d,Audit Finding Resolution,audit find resolution
68a852bd33508dc58e3eae4e,Vendor Management Discussion,vendor management discussion
68a852bd33508dc58e3eae4f,Customer Research Finding,customer research finding
68a852bd33508dc58e3eae50,Technology Rollout Update,technology rollout update
68a852be33508dc58e3eae51,Cybersecurity Alert Warning,cybersecurity alert warning
68a852be33508dc58e3eae52,Audit Planning Coordination,audit plan coordination
68a852be33508dc58e3eae53,Knowledge Management Update,knowledge management update
68a852bf33508dc58e3eae54,Business Continuity Activation,business continuity activation
68a852bf33508dc58e3eae55,Workforce Planning Update,workforce planning update
68a852bf33508dc58e3eae56,Process Coordination Discussion,process coordination discussion
68a852c033508dc58e3eae57,Audit Planning Coordination,audit plan coordination
68a852c033508dc58e3eae58,Risk Assessment Documentation,risk assessment documentation
68a852c133508dc58e3eae59,GDPR Access Request,gdpr access request
68a852c133508dc58e3eae5a,Documentation Request Alert,documentation request alert
68a852c133508dc58e3eae5b,Business Continuity Activation,business continuity activation
68a852c233508dc58e3eae5c,Audit Coordination Schedule,audit coordination schedule
68a852c233508dc58e3eae5d,Security Protocol Change,security protocol change
68a852c233508dc58e3eae5e,Transaction Status Inquiry,transaction status inquiry
68a852c333508dc58e3eae5f,Shift Coverage Request,shift coverage request
68a852c333508dc58e3eae60,Compliance Gap Remediation,compliance gap remediation
68a852c433508dc58e3eae61,Security Protocol Change,security protocol change
68a852c433508dc58e3eae62,Technology Rollout Update,technology rollout update
68a852c433508dc58e3eae63,System Status Alert,system status alert
68a852c533508dc58e3eae64,Technology Rollout Update,technology rollout update
68a852c533508dc58e3eae65,Financial Reporting Procedure,financial reporting procedure
68a852c533508dc58e3eae66,Risk Assessment Update,risk assessment update
68a852c633508dc58e3eae67,Regulatory Update Alert,regulatory update alert
68a852c633508dc58e3eae68,Documentation Request Alert,documentation request alert
68a852c733508dc58e3eae69,Attendance Management Alert,attendance management alert
68a852c733508dc58e3eae6a,Case Management Discussion,case management discussion
68a852c733508dc58e3eae6b,Performance Metric Tracking,performance metric tracking
68a852c833508dc58e3eae6c,Quality Standard Reminder,quality standard reminder
68a852c833508dc58e3eae6d,Daily Operational Procedure,daily operational procedure
68a852c933508dc58e3eae6e,Monthly Compliance Audit,monthly compliance audit
68a852c933508dc58e3eae6f,Employee Relations Coordination,employee relation coordination
68a852c933508dc58e3eae70,Customer Insight Report,customer insight report
68a852ca33508dc58e3eae71,System Status Alert,system status alert
68a852ca33508dc58e3eae72,Pipeline Management Discussion,pipeline management discussion
68a852cb33508dc58e3eae73,Network Performance Issue,network performance issue
68a852cb33508dc58e3eae74,System Status Alert,system status alert
68a852cb33508dc58e3eae75,Regulatory Examination Preparation,regulatory examination preparation
68a852cc33508dc58e3eae76,Control Testing Validation,control testing validation
68a852cc33508dc58e3eae77,Customer Insight Report,customer insight report
68a852cc33508dc58e3eae78,Risk Assessment Documentation,risk assessment documentation
68a852cd33508dc58e3eae79,Cybersecurity Alert Warning,cybersecurity alert warning
68a852ce33508dc58e3eae7a,Skill Development Update,skill development update
68a852ce33508dc58e3eae7b,Cybersecurity Alert Warning,cybersecurity alert warning
68a852cf33508dc58e3eae7c,Shift Coverage Request,shift coverage request
68a852cf33508dc58e3eae7d,Audit Finding Resolution,audit find resolution
68a852d033508dc58e3eae7e,Shift Coverage Request,shift coverage request
68a852d033508dc58e3eae7f,Break Schedule Coordination,break schedule coordination
68a852d033508dc58e3eae80,Compliance Report Generation,compliance report generation
68a852d133508dc58e3eae81,Risk Assessment Update,risk assessment update
68a852d233508dc58e3eae82,Budget Management Discussion,budget management discussion
68a852d233508dc58e3eae83,Authentication Service Down,authentication service
68a852d233508dc58e3eae84,Customer Research Finding,customer research finding
68a852d333508dc58e3eae85,Documentation Request Alert,documentation request alert
68a852d333508dc58e3eae86,Financial Reporting Procedure,financial reporting procedure
68a852d433508dc58e3eae87,Employee Relations Coordination,employee relation coordination
68a852d433508dc58e3eae88,Audit Planning Coordination,audit plan coordination
68a852d433508dc58e3eae89,Product Update Communication,product update communication
68a852d533508dc58e3eae8a,Break Schedule Coordination,break schedule coordination
68a852d533508dc58e3eae8b,Financial Reporting Procedure,financial reporting procedure
68a852d533508dc58e3eae8c,Technology Provider Communication,technology provider communication
68a852d633508dc58e3eae8d,Software Issue Resolution,software issue resolution
68a852d633508dc58e3eae8e,Risk Assessment Update,risk assessment update
68a852d733508dc58e3eae8f,Compliance Report Generation,compliance report generation
68a852d733508dc58e3eae90,Audit Finding Resolution,audit find resolution
68a852d733508dc58e3eae91,Shift Coverage Request,shift coverage request
68a852d833508dc58e3eae92,Network Performance Issue,network performance issue
68a852d833508dc58e3eae93,Team Meeting Reminder,team meet reminder
68a852d833508dc58e3eae94,Skill Development Update,skill development update
68a852d933508dc58e3eae95,Risk Assessment Update,risk assessment update
68a852d933508dc58e3eae96,GDPR Access Request,gdpr access request
68a852d933508dc58e3eae97,Transaction Status Inquiry,transaction status inquiry
68a852da33508dc58e3eae98,Network Performance Issue,network performance issue
68a852da33508dc58e3eae99,Regulatory Examination Preparation,regulatory examination preparation
68a852db33508dc58e3eae9a,Quality Standard Reminder,quality standard reminder
68a852db33508dc58e3eae9b,Network Performance Issue,network performance issue
68a852db33508dc58e3eae9c,Regulatory Response Management,regulatory response management
68a852dc33508dc58e3eae9d,Software Issue Resolution,software issue resolution
68a852dc33508dc58e3eae9e,Cybersecurity Alert Warning,cybersecurity alert warning
68a852dc33508dc58e3eae9f,Case Management Discussion,case management discussion
68a852dd33508dc58e3eaea0,Team Coordination Update,team coordination update
68a852dd33508dc58e3eaea1,Regulatory Response Management,regulatory response management
68a852de33508dc58e3eaea2,Performance Metric Tracking,performance metric tracking
68a852de33508dc58e3eaea3,Vendor Management Discussion,vendor management discussion
68a852de33508dc58e3eaea4,Audit Coordination Schedule,audit coordination schedule
68a852df33508dc58e3eaea5,Compliance Report Generation,compliance report generation
68a852df33508dc58e3eaea6,Financial Reporting Procedure,financial reporting procedure
68a852df33508dc58e3eaea7,Software Issue Resolution,software issue resolution
68a852e033508dc58e3eaea8,Monthly Compliance Audit,monthly compliance audit
68a852e033508dc58e3eaea9,Regulatory Response Management,regulatory response management
68a852e133508dc58e3eaeaa,Compliance Gap Remediation,compliance gap remediation
68a852e133508dc58e3eaeab,Audit Finding Resolution,audit find resolution
68a852e133508dc58e3eaeac,Risk Assessment Update,risk assessment update
68a852e233508dc58e3eaead,Database Access Problem,database access problem
68a852e233508dc58e3eaeae,Attendance Management Alert,attendance management alert
68a852e233508dc58e3eaeaf,Process Coordination Discussion,process coordination discussion
68a852e333508dc58e3eaeb0,Product Update Communication,product update communication
68a852e333508dc58e3eaeb1,Financial Reporting Procedure,financial reporting procedure
68a852e433508dc58e3eaeb2,Technology Provider Communication,technology provider communication
68a852e433508dc58e3eaeb3,Skill Development Update,skill development update
68a852e433508dc58e3eaeb4,Compliance Training Reminder,compliance training reminder
68a852e533508dc58e3eaeb5,Campaign Coordination Discussion,campaign coordination discussion
68a852e533508dc58e3eaeb6,Customer Research Finding,customer research finding
68a852e533508dc58e3eaeb7,Software Issue Resolution,software issue resolution
68a852e633508dc58e3eaeb8,Skill Development Update,skill development update
68a852e633508dc58e3eaeb9,Content Management Update,content management update
68a852e733508dc58e3eaeba,Monthly Compliance Audit,monthly compliance audit
68a852e733508dc58e3eaebb,Customer Insight Report,customer insight report
68a852e733508dc58e3eaebc,Compliance Report Generation,compliance report generation
68a852e833508dc58e3eaebd,Regulatory Update Alert,regulatory update alert
68a852e833508dc58e3eaebe,Account Management Strategy,account management strategy
68a852e933508dc58e3eaebf,Control Testing Validation,control testing validation
68a852e933508dc58e3eaec0,Compliance Monitoring Update,compliance monitoring update
68a852e933508dc58e3eaec1,Team Meeting Reminder,team meet reminder
68a852ea33508dc58e3eaec2,Regulatory Examination Preparation,regulatory examination preparation
68a852ea33508dc58e3eaec3,Process Coordination Discussion,process coordination discussion
68a852ea33508dc58e3eaec4,GDPR Access Request,gdpr access request
68a852eb33508dc58e3eaec5,Account Access Problem,account access problem
68a852eb33508dc58e3eaec6,Employee Relations Coordination,employee relation coordination
68a852eb33508dc58e3eaec7,Case Management Discussion,case management discussion
68a852ec33508dc58e3eaec8,Database Access Problem,database access problem
68a852ec33508dc58e3eaec9,Training Schedule Update,training schedule update
68a852ed33508dc58e3eaeca,System Integration Progress,system integration progress
68a852ed33508dc58e3eaecb,Team Coordination Update,team coordination update
68a852ed33508dc58e3eaecc,Customer Research Finding,customer research finding
68a852ee33508dc58e3eaecd,Performance Metric Tracking,performance metric tracking
68a852ee33508dc58e3eaece,Cross-Department Project Update,cross department project update
68a852ee33508dc58e3eaecf,Security Protocol Change,security protocol change
68a852ef33508dc58e3eaed0,Database Access Problem,database access problem
68a852ef33508dc58e3eaed1,Account Access Problem,account access problem
68a852f033508dc58e3eaed2,User Access Problem,user access problem
68a852f033508dc58e3eaed3,Database Access Problem,database access problem
68a852f033508dc58e3eaed4,Training Schedule Update,training schedule update
68a852f133508dc58e3eaed5,Compliance Report Generation,compliance report generation
68a852f133508dc58e3eaed6,Risk Assessment Update,risk assessment update
68a852f133508dc58e3eaed7,Documentation Request Alert,documentation request alert
68a852f233508dc58e3eaed8,Product Update Communication,product update communication
68a852f233508dc58e3eaed9,Staff Management Discussion,staff management discussion
68a852f333508dc58e3eaeda,Technology Provider Communication,technology provider communication
68a852f333508dc58e3eaedb,Customer Insight Report,customer insight report
68a852f433508dc58e3eaedc,Performance Metric Tracking,performance metric tracking
68a852f433508dc58e3eaedd,Compliance Monitoring Update,compliance monitoring update
68a852f533508dc58e3eaede,Vendor Management Discussion,vendor management discussion
68a852f533508dc58e3eaedf,System Status Alert,system status alert
68a852f533508dc58e3eaee0,Budget Management Discussion,budget management discussion
68a852f633508dc58e3eaee1,Database Access Problem,database access problem
68a852f633508dc58e3eaee2,Hardware Troubleshooting Help,hardware troubleshooting help
68a852f733508dc58e3eaee3,Cybersecurity Alert Warning,cybersecurity alert warning
68a852f733508dc58e3eaee4,Campaign Coordination Discussion,campaign coordination discussion
68a852f733508dc58e3eaee5,Team Meeting Reminder,team meet reminder
68a852f833508dc58e3eaee6,Knowledge Management Update,knowledge management update
68a852f833508dc58e3eaee7,Workforce Planning Update,workforce planning update
68a852f833508dc58e3eaee8,Customer Insight Report,customer insight report
68a852f933508dc58e3eaee9,Compliance Monitoring Update,compliance monitoring update
68a852f933508dc58e3eaeea,Attendance Management Alert,attendance management alert
68a852fa33508dc58e3eaeeb,Attendance Management Alert,attendance management alert
68a852fa33508dc58e3eaeec,Regulatory Examination Preparation,regulatory examination preparation
68a852fa33508dc58e3eaeed,Documentation Request Alert,documentation request alert
68a852fb33508dc58e3eaeee,Compliance Gap Remediation,compliance gap remediation
68a852fb33508dc58e3eaeef,Compliance Monitoring Update,compliance monitoring update
68a852fb33508dc58e3eaef0,Employee Relations Coordination,employee relation coordination
68a852fc33508dc58e3eaef1,Regulatory Response Management,regulatory response management
68a852fc33508dc58e3eaef2,GDPR Access Request,gdpr access request
68a852fd33508dc58e3eaef3,Daily Operational Procedure,daily operational procedure
68a852fd33508dc58e3eaef4,Network Performance Issue,network performance issue
68a852fe33508dc58e3eaef5,Account Access Problem,account access problem
68a852fe33508dc58e3eaef6,Account Access Problem,account access problem
68a852fe33508dc58e3eaef7,Account Access Problem,account access problem
68a852ff33508dc58e3eaef8,Content Management Update,content management update
68a852ff33508dc58e3eaef9,Pipeline Management Discussion,pipeline management discussion
68a852ff33508dc58e3eaefa,Cross-Department Project Update,cross department project update
68a8530033508dc58e3eaefb,Daily Operational Procedure,daily operational procedure
68a8530033508dc58e3eaefc,Compliance Monitoring Update,compliance monitoring update
68a8530033508dc58e3eaefd,Security Protocol Change,security protocol change
68a8530133508dc58e3eaefe,Knowledge Management Update,knowledge management update
68a8530233508dc58e3eaeff,Staff Management Discussion,staff management discussion
68a8530233508dc58e3eaf00,Overtime Approval Need,overtime approval need
68a8530333508dc58e3eaf01,Application Server Warning,application server warning
68a8530333508dc58e3eaf02,GDPR Access Request,gdpr access request
68a8530333508dc58e3eaf03,Monthly Compliance Audit,monthly compliance audit
68a8530433508dc58e3eaf04,Quality Standard Reminder,quality standard reminder
68a8530433508dc58e3eaf05,Documentation Request Alert,documentation request alert
68a8530433508dc58e3eaf06,Customer Research Finding,customer research finding
68a8530533508dc58e3eaf07,Workflow Optimization Alert,workflow optimization alert
68a8530533508dc58e3eaf08,Pipeline Management Discussion,pipeline management discussion
68a8530633508dc58e3eaf09,Team Meeting Reminder,team meet reminder
68a8530633508dc58e3eaf0a,Monthly Compliance Audit,monthly compliance audit
68a8530633508dc58e3eaf0b,Vendor Management Discussion,vendor management discussion
68a8530733508dc58e3eaf0c,Policy Clarification Request,policy clarification request
68a8530733508dc58e3eaf0d,Compliance Report Generation,compliance report generation
68a8530733508dc58e3eaf0e,Compliance Training Reminder,compliance training reminder
68a8530833508dc58e3eaf0f,Compliance Monitoring Update,compliance monitoring update
68a8530833508dc58e3eaf10,Performance Metric Tracking,performance metric tracking
68a8530933508dc58e3eaf11,Vendor Management Discussion,vendor management discussion
68a8530933508dc58e3eaf12,Attendance Management Alert,attendance management alert
68a8530a33508dc58e3eaf13,GDPR Access Request,gdpr access request
68a8530a33508dc58e3eaf14,Risk Assessment Update,risk assessment update
68a8530b33508dc58e3eaf15,Workforce Planning Update,workforce planning update
68a8530b33508dc58e3eaf16,Regulatory Examination Preparation,regulatory examination preparation
68a8530c33508dc58e3eaf17,Financial Reporting Procedure,financial reporting procedure
68a8530c33508dc58e3eaf18,Application Server Warning,application server warning
68a8530c33508dc58e3eaf19,Attendance Management Alert,attendance management alert
68a8530d33508dc58e3eaf1a,Financial Reporting Procedure,financial reporting procedure
68a8530d33508dc58e3eaf1b,Hardware Troubleshooting Help,hardware troubleshooting help
68a8530d33508dc58e3eaf1c,Budget Management Discussion,budget management discussion
68a8530e33508dc58e3eaf1d,Financial Reporting Procedure,financial reporting procedure
68a8530e33508dc58e3eaf1e,Vendor Management Discussion,vendor management discussion
68a8530f33508dc58e3eaf1f,Technology Provider Communication,technology provider communication
68a8530f33508dc58e3eaf20,System Status Alert,system status alert
68a8530f33508dc58e3eaf21,Compliance Report Generation,compliance report generation
68a8531033508dc58e3eaf22,Authentication Service Down,authentication service
68a8531033508dc58e3eaf23,User Access Problem,user access problem
68a8531133508dc58e3eaf24,Customer Research Finding,customer research finding
68a8531133508dc58e3eaf25,Team Meeting Reminder,team meet reminder
68a8531133508dc58e3eaf26,Quality Standard Reminder,quality standard reminder
68a8531233508dc58e3eaf27,Software Issue Resolution,software issue resolution
68a8531233508dc58e3eaf28,Cybersecurity Alert Warning,cybersecurity alert warning
68a8531233508dc58e3eaf29,Audit Feedback Review,audit feedback review
68a8531333508dc58e3eaf2a,Overtime Approval Need,overtime approval need
68a8531333508dc58e3eaf2b,Performance Metric Tracking,performance metric tracking
68a8531433508dc58e3eaf2c,Compliance Gap Remediation,compliance gap remediation
68a8531433508dc58e3eaf2d,Hardware Troubleshooting Help,hardware troubleshooting help
68a8531433508dc58e3eaf2e,Quality Standard Reminder,quality standard reminder
68a8531533508dc58e3eaf2f,Audit Coordination Schedule,audit coordination schedule
68a8531533508dc58e3eaf30,Performance Metric Tracking,performance metric tracking
68a8531533508dc58e3eaf31,Network Performance Issue,network performance issue
68a8531633508dc58e3eaf32,Policy Clarification Request,policy clarification request
68a8531633508dc58e3eaf33,Pipeline Management Discussion,pipeline management discussion
68a8531633508dc58e3eaf34,Attendance Management Alert,attendance management alert
68a8531733508dc58e3eaf35,Break Schedule Coordination,break schedule coordination
68a8531733508dc58e3eaf36,Leave Request Approval,leave request approval
68a8531833508dc58e3eaf37,Regulatory Update Alert,regulatory update alert
68a8531833508dc58e3eaf38,Knowledge Management Update,knowledge management update
68a8531833508dc58e3eaf39,Transaction Status Inquiry,transaction status inquiry
68a8531933508dc58e3eaf3a,Knowledge Management Update,knowledge management update
68a8531933508dc58e3eaf3b,Audit Coordination Schedule,audit coordination schedule
68a8531933508dc58e3eaf3c,Overtime Approval Need,overtime approval need
68a8531a33508dc58e3eaf3d,Technology Provider Communication,technology provider communication
68a8531a33508dc58e3eaf3e,Regulatory Update Alert,regulatory update alert
68a8531a33508dc58e3eaf3f,Compliance Monitoring Update,compliance monitoring update
68a8531b33508dc58e3eaf40,Control Testing Validation,control testing validation
68a8531b33508dc58e3eaf41,Network Performance Issue,network performance issue
68a8531c33508dc58e3eaf42,Regulatory Response Management,regulatory response management
68a8531c33508dc58e3eaf43,System Status Alert,system status alert
68a8531c33508dc58e3eaf44,Cross-Department Project Update,cross department project update
68a8531d33508dc58e3eaf45,Database Access Problem,database access problem
68a8531d33508dc58e3eaf46,Compliance Report Generation,compliance report generation
68a8531d33508dc58e3eaf47,Case Management Discussion,case management discussion
68a8531e33508dc58e3eaf48,Attendance Management Alert,attendance management alert
68a8531e33508dc58e3eaf49,Compliance Monitoring Update,compliance monitoring update
68a8531f33508dc58e3eaf4a,Compliance Gap Remediation,compliance gap remediation
68a8531f33508dc58e3eaf4b,Cybersecurity Alert Warning,cybersecurity alert warning
68a8531f33508dc58e3eaf4c,System Integration Progress,system integration progress
68a8532033508dc58e3eaf4d,Audit Finding Resolution,audit find resolution
68a8532033508dc58e3eaf4e,Compliance Report Generation,compliance report generation
68a8532033508dc58e3eaf4f,Security Protocol Change,security protocol change
68a8532133508dc58e3eaf50,Customer Research Finding,customer research finding
68a8532133508dc58e3eaf51,Authentication Service Down,authentication service
68a8532233508dc58e3eaf52,Audit Feedback Review,audit feedback review
68a8532233508dc58e3eaf53,Control Testing Validation,control testing validation
68a8532233508dc58e3eaf54,Team Meeting Reminder,team meet reminder
68a8532333508dc58e3eaf55,Daily Operational Procedure,daily operational procedure
68a8532333508dc58e3eaf56,Software Issue Resolution,software issue resolution
68a8532333508dc58e3eaf57,Attendance Management Alert,attendance management alert
68a8532433508dc58e3eaf58,Workforce Planning Update,workforce planning update
68a8532433508dc58e3eaf59,Regulatory Update Alert,regulatory update alert
68a8532533508dc58e3eaf5a,Monthly Compliance Audit,monthly compliance audit
68a8532533508dc58e3eaf5b,Account Access Problem,account access problem
68a8532533508dc58e3eaf5c,Account Access Problem,account access problem
68a8532633508dc58e3eaf5d,Audit Coordination Schedule,audit coordination schedule
68a8532633508dc58e3eaf5e,Technology Provider Communication,technology provider communication
68a8532633508dc58e3eaf5f,Campaign Coordination Discussion,campaign coordination discussion
68a8532733508dc58e3eaf60,Team Meeting Reminder,team meet reminder
68a8532733508dc58e3eaf61,Budget Management Discussion,budget management discussion
68a8532833508dc58e3eaf62,Cross-Department Project Update,cross department project update
68a8532833508dc58e3eaf63,Content Management Update,content management update
68a8532833508dc58e3eaf64,Workflow Optimization Alert,workflow optimization alert
68a8532933508dc58e3eaf65,Break Schedule Coordination,break schedule coordination
68a8532933508dc58e3eaf66,Workforce Planning Update,workforce planning update
68a8532a33508dc58e3eaf67,Team Meeting Reminder,team meet reminder
68a8532a33508dc58e3eaf68,GDPR Access Request,gdpr access request
68a8532a33508dc58e3eaf69,System Status Alert,system status alert
68a8532b33508dc58e3eaf6a,Performance Review Planning,performance review planning
68a8532b33508dc58e3eaf6b,Transaction Status Inquiry,transaction status inquiry
68a8532c33508dc58e3eaf6c,Knowledge Management Update,knowledge management update
68a8532c33508dc58e3eaf6d,Content Management Update,content management update
68a8532c33508dc58e3eaf6e,Network Performance Issue,network performance issue
68a8532d33508dc58e3eaf6f,Security Protocol Change,security protocol change
68a8532d33508dc58e3eaf70,Team Coordination Update,team coordination update
68a8532e33508dc58e3eaf71,Staff Management Discussion,staff management discussion
68a8532e33508dc58e3eaf72,Audit Planning Coordination,audit plan coordination
68a8532e33508dc58e3eaf73,Risk Assessment Update,risk assessment update
68a8532f33508dc58e3eaf74,Compliance Gap Remediation,compliance gap remediation
68a8533033508dc58e3eaf75,Quality Standard Reminder,quality standard reminder
68a8533033508dc58e3eaf76,Risk Assessment Documentation,risk assessment documentation
68a8533033508dc58e3eaf77,Audit Coordination Schedule,audit coordination schedule
68a8533133508dc58e3eaf78,Compliance Monitoring Update,compliance monitoring update
68a8533133508dc58e3eaf79,Knowledge Management Update,knowledge management update
68a8533233508dc58e3eaf7a,Campaign Coordination Discussion,campaign coordination discussion
68a8533233508dc58e3eaf7b,Regulatory Examination Preparation,regulatory examination preparation
68a8533333508dc58e3eaf7c,Technology Provider Communication,technology provider communication
68a8533333508dc58e3eaf7d,Break Schedule Coordination,break schedule coordination
68a8533333508dc58e3eaf7e,Pipeline Management Discussion,pipeline management discussion
68a8533433508dc58e3eaf7f,Break Schedule Coordination,break schedule coordination
68a8533433508dc58e3eaf80,Audit Feedback Review,audit feedback review
68a8533533508dc58e3eaf81,Authentication Service Down,authentication service
68a8533533508dc58e3eaf82,Break Schedule Coordination,break schedule coordination
68a8533633508dc58e3eaf83,Regulatory Response Management,regulatory response management
68a8533633508dc58e3eaf84,Documentation Request Alert,documentation request alert
68a8533633508dc58e3eaf85,Monthly Compliance Audit,monthly compliance audit
68a8533733508dc58e3eaf86,Technology Provider Communication,technology provider communication
68a8533733508dc58e3eaf87,Campaign Coordination Discussion,campaign coordination discussion
68a8533733508dc58e3eaf88,Risk Assessment Documentation,risk assessment documentation
68a8533833508dc58e3eaf89,Software Issue Resolution,software issue resolution
68a8533833508dc58e3eaf8a,Database Access Problem,database access problem
